Date,PETR3,VALE3
2017-01-02,16.530000686645508,25.059999465942383
2017-01-03,17.579999923706055,26.170000076293945
2017-01-04,17.3700008392334,25.700000762939453
2017-01-05,17.760000228881836,26.68000030517578
2017-01-06,17.489999771118164,25.969999313354492
2017-01-09,17.31999969482422,26.5
2017-01-10,17.610000610351562,28.540000915527344
2017-01-11,18.049999237060547,29.1299991607666
2017-01-12,18.350000381469727,30.06999969482422
2017-01-13,18.219999313354492,30.979999542236328
2017-01-16,18.25,31.81999969482422
2017-01-17,18.170000076293945,30.56999969482422
2017-01-18,18.030000686645508,32.11000061035156
2017-01-19,17.93000030517578,31.469999313354492
2017-01-20,17.829999923706055,32.099998474121094
2017-01-23,17.979999542236328,33.310001373291016
2017-01-24,17.729999542236328,34.130001068115234
2017-01-26,17.389999389648438,33.599998474121094
2017-01-27,17.079999923706055,33.70000076293945
2017-01-30,16.139999389648438,32.25
2017-01-31,16.190000534057617,32.18000030517578
2017-02-01,16.1200008392334,32.88999938964844
2017-02-02,15.899999618530273,32.65999984741211
2017-02-03,16.34000015258789,30.610000610351562
2017-02-06,15.970000267028809,29.920000076293945
2017-02-07,15.770000457763672,30.239999771118164
2017-02-08,16.100000381469727,30.59000015258789
2017-02-09,15.960000038146973,31.079999923706055
2017-02-10,16.350000381469727,32.79999923706055
2017-02-13,16.559999465942383,35.810001373291016
2017-02-14,16.809999465942383,34.400001525878906
2017-02-15,16.860000610351562,33.81999969482422
2017-02-16,16.969999313354492,33.77000045776367
2017-02-17,16.719999313354492,34.06999969482422
2017-02-20,17.079999923706055,36.43000030517578
2017-02-21,17.15999984741211,35.540000915527344
2017-02-22,16.600000381469727,34.689998626708984
2017-02-23,16.479999542236328,33.16999816894531
2017-02-24,15.960000038146973,32.720001220703125
2017-03-01,16.43000030517578,33.16999816894531
2017-03-02,15.850000381469727,31.459999084472656
2017-03-03,15.949999809265137,31.81999969482422
2017-03-06,15.880000114440918,31.100000381469727
2017-03-07,15.880000114440918,30.920000076293945
2017-03-08,14.899999618530273,30.1200008392334
2017-03-09,14.8100004196167,30.18000030517578
2017-03-10,14.789999961853027,29.649999618530273
2017-03-13,14.930000305175781,31.010000228881836
2017-03-14,14.369999885559082,31.170000076293945
2017-03-15,14.75,33.31999969482422
2017-03-16,14.380000114440918,32.529998779296875
2017-03-17,13.850000381469727,31.299999237060547
2017-03-20,14.180000305175781,31.6299991607666
2017-03-21,13.699999809265137,29.040000915527344
2017-03-22,14.149999618530273,29.399999618530273
2017-03-23,14.140000343322754,29.239999771118164
2017-03-24,14.170000076293945,29.0
2017-03-27,14.430000305175781,29.389999389648438
2017-03-28,14.680000305175781,29.809999465942383
2017-03-29,15.15999984741211,30.110000610351562
2017-03-30,15.100000381469727,30.100000381469727
2017-03-31,15.149999618530273,29.790000915527344
2017-04-03,15.319999694824219,29.510000228881836
2017-04-04,15.430000305175781,30.649999618530273
2017-04-05,15.329999923706055,29.450000762939453
2017-04-06,15.279999732971191,28.90999984741211
2017-04-07,15.369999885559082,29.149999618530273
2017-04-10,15.630000114440918,29.030000686645508
2017-04-11,15.25,28.65999984741211
2017-04-12,15.1899995803833,27.420000076293945
2017-04-13,14.510000228881836,27.420000076293945
2017-04-17,14.649999618530273,27.43000030517578
2017-04-18,14.460000038146973,26.610000610351562
2017-04-19,14.050000190734863,26.670000076293945
2017-04-20,14.270000457763672,28.049999237060547
2017-04-24,14.390000343322754,27.450000762939453
2017-04-25,14.680000305175781,28.350000381469727
2017-04-26,14.420000076293945,27.729999542236328
2017-04-27,14.199999809265137,26.829999923706055
2017-04-28,14.359999656677246,27.469999313354492
2017-05-02,14.359999656677246,28.059999465942383
2017-05-03,14.449999809265137,26.31999969482422
2017-05-04,14.0600004196167,25.350000381469727
2017-05-05,14.8100004196167,26.049999237060547
2017-05-08,14.720000267028809,26.030000686645508
2017-05-09,14.880000114440918,26.5
2017-05-10,15.350000381469727,26.559999465942383
2017-05-11,15.319999694824219,26.31999969482422
2017-05-12,15.930000305175781,25.90999984741211
2017-05-15,16.190000534057617,26.649999618530273
2017-05-16,16.190000534057617,27.260000228881836
2017-05-17,16.100000381469727,26.84000015258789
2017-05-18,14.270000457763672,26.860000610351562
2017-05-19,14.40999984741211,27.25
2017-05-22,14.3100004196167,27.920000076293945
2017-05-23,14.420000076293945,28.260000228881836
2017-05-24,14.8100004196167,27.520000457763672
2017-05-25,14.460000038146973,27.700000762939453
2017-05-26,14.550000190734863,27.860000610351562
2017-05-29,14.550000190734863,27.860000610351562
2017-05-30,14.170000076293945,28.600000381469727
2017-05-31,13.619999885559082,27.170000076293945
2017-06-01,13.539999961853027,26.670000076293945
2017-06-02,13.739999771118164,26.780000686645508
2017-06-05,13.979999542236328,26.489999771118164
2017-06-06,13.989999771118164,26.579999923706055
2017-06-07,13.680000305175781,26.450000762939453
2017-06-08,13.699999809265137,27.020000457763672
2017-06-09,13.779999732971191,27.299999237060547
2017-06-12,13.779999732971191,26.84000015258789
2017-06-13,13.869999885559082,26.3700008392334
2017-06-14,13.539999961853027,26.100000381469727
2017-06-15,13.539999961853027,26.100000381469727
2017-06-16,13.489999771118164,25.559999465942383
2017-06-19,13.329999923706055,26.389999389648438
2017-06-20,13.010000228881836,25.709999084472656
2017-06-21,12.779999732971191,26.469999313354492
2017-06-22,13.050000190734863,27.020000457763672
2017-06-23,12.890000343322754,27.239999771118164
2017-06-26,13.09000015258789,27.469999313354492
2017-06-27,12.989999771118164,27.920000076293945
2017-06-28,12.880000114440918,28.790000915527344
2017-06-29,13.010000228881836,28.899999618530273
2017-06-30,13.199999809265137,29.0
2017-07-03,13.279999732971191,29.649999618530273
2017-07-04,13.319999694824219,29.6200008392334
2017-07-05,13.0600004196167,28.93000030517578
2017-07-06,12.930000305175781,28.920000076293945
2017-07-07,12.680000305175781,28.889999389648438
2017-07-10,12.699999809265137,29.709999084472656
2017-07-11,13.069999694824219,30.040000915527344
2017-07-12,13.579999923706055,29.899999618530273
2017-07-13,13.550000190734863,29.18000030517578
2017-07-14,13.619999885559082,29.520000457763672
2017-07-17,13.449999809265137,29.719999313354492
2017-07-18,13.600000381469727,29.899999618530273
2017-07-19,13.84000015258789,29.899999618530273
2017-07-20,13.630000114440918,28.719999313354492
2017-07-21,13.289999961853027,28.5
2017-07-24,13.430000305175781,29.1299991607666
2017-07-25,13.770000457763672,30.610000610351562
2017-07-26,13.539999961853027,29.65999984741211
2017-07-27,13.609999656677246,29.700000762939453
2017-07-28,13.640000343322754,30.34000015258789
2017-07-31,13.800000190734863,31.299999237060547
2017-08-01,13.680000305175781,31.059999465942383
2017-08-02,14.029999732971191,31.110000610351562
2017-08-03,13.819999694824219,30.68000030517578
2017-08-04,13.899999618530273,31.229999542236328
2017-08-07,14.020000457763672,32.41999816894531
2017-08-08,13.899999618530273,32.04999923706055
2017-08-09,13.970000267028809,31.920000076293945
2017-08-10,13.619999885559082,31.5
2017-08-11,13.510000228881836,30.799999237060547
2017-08-14,13.600000381469727,31.299999237060547
2017-08-15,13.619999885559082,31.1200008392334
2017-08-16,13.579999923706055,31.729999542236328
2017-08-17,13.600000381469727,31.200000762939453
2017-08-18,14.039999961853027,31.549999237060547
2017-08-21,13.800000190734863,31.75
2017-08-22,14.3100004196167,31.860000610351562
2017-08-23,14.319999694824219,32.540000915527344
2017-08-24,14.399999618530273,33.880001068115234
2017-08-25,14.479999542236328,33.83000183105469
2017-08-28,14.399999618530273,34.36000061035156
2017-08-29,14.300000190734863,34.439998626708984
2017-08-30,13.880000114440918,34.34000015258789
2017-08-31,13.970000267028809,35.08000183105469
2017-09-01,14.600000381469727,35.66999816894531
2017-09-04,14.720000267028809,36.099998474121094
2017-09-05,14.850000381469727,35.599998474121094
2017-09-06,15.5,35.79999923706055
2017-09-07,15.5,35.79999923706055
2017-09-08,15.1899995803833,34.47999954223633
2017-09-11,15.520000457763672,35.09000015258789
2017-09-12,15.399999618530273,35.2599983215332
2017-09-13,15.680000305175781,34.77000045776367
2017-09-14,15.649999618530273,33.619998931884766
2017-09-15,15.579999923706055,33.79999923706055
2017-09-18,15.729999542236328,34.25
2017-09-19,15.779999732971191,33.91999816894531
2017-09-20,16.3799991607666,33.16999816894531
2017-09-21,16.18000030517578,32.5099983215332
2017-09-22,16.200000762939453,31.90999984741211
2017-09-25,16.31999969482422,31.09000015258789
2017-09-26,16.139999389648438,31.5
2017-09-27,15.880000114440918,31.93000030517578
2017-09-28,15.90999984741211,31.75
2017-09-29,15.8100004196167,31.8700008392334
2017-10-02,15.899999618530273,31.899999618530273
2017-10-03,16.639999389648438,32.68000030517578
2017-10-04,16.309999465942383,32.61000061035156
2017-10-05,16.56999969482422,32.27000045776367
2017-10-06,16.3700008392334,32.13999938964844
2017-10-09,16.479999542236328,31.5
2017-10-10,16.719999313354492,31.31999969482422
2017-10-11,16.639999389648438,31.100000381469727
2017-10-12,16.639999389648438,31.100000381469727
2017-10-13,16.579999923706055,32.90999984741211
2017-10-16,16.639999389648438,33.349998474121094
2017-10-17,16.610000610351562,32.58000183105469
2017-10-18,16.610000610351562,32.27000045776367
2017-10-19,16.5,33.0
2017-10-20,16.549999237060547,32.95000076293945
2017-10-23,16.5,32.709999084472656
2017-10-24,16.850000381469727,33.83000183105469
2017-10-25,17.020000457763672,33.54999923706055
2017-10-26,17.100000381469727,32.66999816894531
2017-10-27,17.399999618530273,32.54999923706055
2017-10-30,17.350000381469727,32.349998474121094
2017-10-31,17.420000076293945,32.099998474121094
2017-11-01,17.540000915527344,32.81999969482422
2017-11-02,17.540000915527344,32.81999969482422
2017-11-03,17.709999084472656,33.540000915527344
2017-11-06,18.100000381469727,34.34000015258789
2017-11-07,17.270000457763672,33.52000045776367
2017-11-08,17.739999771118164,33.939998626708984
2017-11-09,17.5,32.79999923706055
2017-11-10,17.530000686645508,32.77000045776367
2017-11-13,17.479999542236328,33.13999938964844
2017-11-14,16.049999237060547,32.15999984741211
2017-11-15,16.049999237060547,32.15999984741211
2017-11-16,16.350000381469727,32.599998474121094
2017-11-17,16.520000457763672,32.91999816894531
2017-11-20,16.520000457763672,32.91999816894531
2017-11-21,16.360000610351562,34.04999923706055
2017-11-22,16.5,34.7400016784668
2017-11-23,16.639999389648438,35.20000076293945
2017-11-24,16.549999237060547,35.790000915527344
2017-11-27,16.31999969482422,35.40999984741211
2017-11-28,16.280000686645508,36.25
2017-11-29,15.90999984741211,35.70000076293945
2017-11-30,15.949999809265137,35.13999938964844
2017-12-01,16.110000610351562,35.47999954223633
2017-12-04,16.09000015258789,36.83000183105469
2017-12-05,15.920000076293945,36.02000045776367
2017-12-06,16.0,35.7599983215332
2017-12-07,15.859999656677246,35.34000015258789
2017-12-08,15.890000343322754,35.47999954223633
2017-12-11,15.970000267028809,35.7599983215332
2017-12-12,16.190000534057617,36.18000030517578
2017-12-13,15.9399995803833,36.11000061035156
2017-12-14,15.8100004196167,36.2400016784668
2017-12-15,15.5600004196167,36.88999938964844
2017-12-18,15.84000015258789,37.84000015258789
2017-12-19,15.760000228881836,37.849998474121094
2017-12-20,15.960000038146973,39.150001525878906
2017-12-21,16.649999618530273,39.72999954223633
2017-12-22,16.59000015258789,39.790000915527344
2017-12-25,16.59000015258789,39.790000915527344
2017-12-26,16.700000762939453,39.849998474121094
2017-12-27,16.760000228881836,39.86000061035156
2017-12-28,16.90999984741211,40.2599983215332
2017-12-29,16.90999984741211,40.2599983215332
2018-01-02,17.329999923706055,41.720001220703125
2018-01-03,17.549999237060547,41.470001220703125
2018-01-04,17.700000762939453,41.63999938964844
2018-01-05,17.84000015258789,42.290000915527344
2018-01-08,18.1200008392334,43.22999954223633
2018-01-09,18.1200008392334,43.06999969482422
2018-01-10,17.780000686645508,42.470001220703125
2018-01-11,18.219999313354492,43.29999923706055
2018-01-12,18.360000610351562,43.54999923706055
2018-01-15,18.459999084472656,43.470001220703125
2018-01-16,18.790000915527344,42.29999923706055
2018-01-17,19.469999313354492,43.150001525878906
2018-01-18,19.440000534057617,42.86000061035156
2018-01-19,19.309999465942383,42.880001068115234
2018-01-22,19.510000228881836,42.650001525878906
2018-01-23,19.34000015258789,40.93000030517578
2018-01-24,20.6299991607666,41.779998779296875
2018-01-25,20.6299991607666,41.779998779296875
2018-01-26,21.709999084472656,41.43000030517578
2018-01-29,21.709999084472656,41.88999938964844
2018-01-30,21.18000030517578,41.470001220703125
2018-01-31,21.299999237060547,41.45000076293945
2018-02-01,22.1299991607666,41.790000915527344
2018-02-02,21.540000915527344,40.79999923706055
2018-02-05,20.56999969482422,40.349998474121094
2018-02-06,21.600000381469727,42.470001220703125
2018-02-07,20.979999542236328,41.709999084472656
2018-02-08,20.350000381469727,41.59000015258789
2018-02-09,20.09000015258789,42.0
2018-02-14,20.3799991607666,44.5099983215332
2018-02-15,20.729999542236328,45.95000076293945
2018-02-16,20.719999313354492,46.029998779296875
2018-02-19,21.299999237060547,46.45000076293945
2018-02-20,21.68000030517578,45.5099983215332
2018-02-21,21.440000534057617,44.79999923706055
2018-02-22,22.079999923706055,45.66999816894531
2018-02-23,22.649999618530273,46.08000183105469
2018-02-26,23.18000030517578,47.400001525878906
2018-02-27,23.1200008392334,47.33000183105469
2018-02-28,23.149999618530273,45.04999923706055
2018-03-01,22.770000457763672,44.45000076293945
2018-03-02,23.18000030517578,43.75
2018-03-05,23.84000015258789,43.70000076293945
2018-03-06,23.68000030517578,43.4900016784668
2018-03-07,23.360000610351562,42.849998474121094
2018-03-08,23.389999389648438,41.459999084472656
2018-03-09,24.0,42.099998474121094
2018-03-12,23.899999618530273,42.459999084472656
2018-03-13,23.670000076293945,42.130001068115234
2018-03-14,23.610000610351562,42.599998474121094
2018-03-15,23.1200008392334,42.400001525878906
2018-03-16,23.3700008392334,42.29999923706055
2018-03-19,22.59000015258789,41.099998474121094
2018-03-20,22.889999389648438,41.599998474121094
2018-03-21,23.760000228881836,42.5
2018-03-22,23.6299991607666,41.93000030517578
2018-03-23,23.709999084472656,41.599998474121094
2018-03-26,23.90999984741211,42.0
2018-03-27,23.31999969482422,40.86000061035156
2018-03-28,23.030000686645508,41.540000915527344
2018-03-29,23.360000610351562,42.209999084472656
2018-04-02,22.739999771118164,43.0
2018-04-03,22.799999237060547,42.869998931884766
2018-04-04,22.719999313354492,42.54999923706055
2018-04-05,23.34000015258789,43.25
2018-04-06,23.579999923706055,42.7400016784668
2018-04-09,22.899999618530273,42.95000076293945
2018-04-10,23.799999237060547,44.84000015258789
2018-04-11,24.350000381469727,44.63999938964844
2018-04-12,24.389999389648438,44.810001373291016
2018-04-13,23.729999542236328,44.97999954223633
2018-04-16,22.889999389648438,44.540000915527344
2018-04-17,23.309999465942383,45.93000030517578
2018-04-18,24.06999969482422,47.47999954223633
2018-04-19,24.3700008392334,47.83000183105469
2018-04-20,24.43000030517578,47.630001068115234
2018-04-23,24.350000381469727,47.5
2018-04-24,24.270000457763672,48.310001373291016
2018-04-25,23.5,47.95000076293945
2018-04-26,24.450000762939453,48.70000076293945
2018-04-27,24.520000457763672,48.349998474121094
2018-04-30,24.6299991607666,48.66999816894531
2018-05-02,24.56999969482422,48.709999084472656
2018-05-03,24.309999465942383,49.09000015258789
2018-05-04,23.889999389648438,49.70000076293945
2018-05-07,24.739999771118164,49.2400016784668
2018-05-08,24.739999771118164,49.189998626708984
2018-05-09,27.219999313354492,50.25
2018-05-10,28.84000015258789,51.400001525878906
2018-05-11,28.950000762939453,52.630001068115234
2018-05-14,30.149999618530273,54.27000045776367
2018-05-15,30.90999984741211,54.650001525878906
2018-05-16,31.6299991607666,55.900001525878906
2018-05-17,30.209999084472656,55.380001068115234
2018-05-18,30.149999618530273,54.77000045776367
2018-05-21,29.139999389648438,53.0
2018-05-22,28.420000076293945,52.34000015258789
2018-05-23,27.149999618530273,51.939998626708984
2018-05-24,23.200000762939453,52.459999084472656
2018-05-25,23.030000686645508,51.47999954223633
2018-05-28,19.790000915527344,51.06999969482422
2018-05-29,22.239999771118164,50.15999984741211
2018-05-30,22.190000534057617,50.630001068115234
2018-06-01,18.8799991607666,52.7599983215332
2018-06-04,19.979999542236328,52.52000045776367
2018-06-05,19.3799991607666,53.72999954223633
2018-06-06,19.270000457763672,56.06999969482422
2018-06-07,18.920000076293945,54.369998931884766
2018-06-08,18.0,50.88999938964844
2018-06-11,18.389999389648438,50.849998474121094
2018-06-12,18.239999771118164,51.70000076293945
2018-06-13,17.989999771118164,51.54999923706055
2018-06-14,17.979999542236328,51.709999084472656
2018-06-15,17.799999237060547,49.130001068115234
2018-06-18,17.209999084472656,49.209999084472656
2018-06-19,17.850000381469727,48.29999923706055
2018-06-20,18.579999923706055,48.810001373291016
2018-06-21,17.649999618530273,47.209999084472656
2018-06-22,17.760000228881836,48.0099983215332
2018-06-25,18.09000015258789,47.15999984741211
2018-06-26,18.520000457763672,48.34000015258789
2018-06-27,19.020000457763672,48.150001525878906
2018-06-28,18.90999984741211,49.06999969482422
2018-06-29,19.420000076293945,49.59000015258789
2018-07-02,19.68000030517578,48.7599983215332
2018-07-03,19.75,47.959999084472656
2018-07-04,20.709999084472656,48.029998779296875
2018-07-05,20.09000015258789,49.70000076293945
2018-07-06,20.219999313354492,50.34000015258789
2018-07-10,20.190000534057617,49.529998779296875
2018-07-11,20.020000457763672,48.86000061035156
2018-07-12,20.600000381469727,50.45000076293945
2018-07-13,20.579999923706055,50.310001373291016
2018-07-16,20.3799991607666,50.0
2018-07-17,21.059999465942383,50.70000076293945
2018-07-18,20.649999618530273,51.45000076293945
2018-07-19,20.889999389648438,49.43000030517578
2018-07-20,21.420000076293945,48.720001220703125
2018-07-23,21.520000457763672,49.599998474121094
2018-07-24,21.899999618530273,51.310001373291016
2018-07-25,22.18000030517578,51.75
2018-07-26,21.6200008392334,52.779998779296875
2018-07-27,22.100000381469727,53.45000076293945
2018-07-30,22.059999465942383,54.33000183105469
2018-07-31,21.940000534057617,54.84000015258789
2018-08-01,22.06999969482422,53.060001373291016
2018-08-02,22.440000534057617,52.84000015258789
2018-08-03,23.219999313354492,52.54999923706055
2018-08-06,23.299999237060547,52.400001525878906
2018-08-07,23.209999084472656,52.75
2018-08-08,22.739999771118164,52.400001525878906
2018-08-09,22.760000228881836,51.84000015258789
2018-08-10,22.15999984741211,51.709999084472656
2018-08-13,22.399999618530273,52.279998779296875
2018-08-14,22.260000228881836,52.7599983215332
2018-08-15,21.3799991607666,50.40999984741211
2018-08-16,21.290000915527344,49.720001220703125
2018-08-17,20.950000762939453,50.79999923706055
2018-08-20,21.0,51.439998626708984
2018-08-21,20.649999618530273,51.72999954223633
2018-08-22,21.260000228881836,53.29999923706055
2018-08-23,20.969999313354492,53.349998474121094
2018-08-24,21.09000015258789,54.150001525878906
2018-08-27,21.450000762939453,55.66999816894531
2018-08-28,21.239999771118164,55.650001525878906
2018-08-29,22.170000076293945,55.220001220703125
2018-08-30,21.68000030517578,54.56999969482422
2018-08-31,22.079999923706055,53.619998931884766
2018-09-03,21.75,54.04999923706055
2018-09-04,21.520000457763672,52.0
2018-09-05,21.729999542236328,52.150001525878906
2018-09-06,21.920000076293945,53.47999954223633
2018-09-10,22.200000762939453,53.220001220703125
2018-09-11,21.579999923706055,52.59000015258789
2018-09-12,22.15999984741211,53.45000076293945
2018-09-13,21.850000381469727,53.779998779296875
2018-09-14,22.0,55.20000076293945
2018-09-17,22.469999313354492,55.040000915527344
2018-09-18,23.280000686645508,57.34000015258789
2018-09-19,23.149999618530273,58.58000183105469
2018-09-20,22.989999771118164,59.31999969482422
2018-09-21,23.270000457763672,61.0099983215332
2018-09-24,23.149999618530273,60.20000076293945
2018-09-25,23.270000457763672,62.20000076293945
2018-09-26,23.360000610351562,60.0099983215332
2018-09-27,24.5,59.47999954223633
2018-09-28,24.229999542236328,59.81999969482422
2018-10-01,24.18000030517578,60.400001525878906
2018-10-02,25.809999465942383,61.20000076293945
2018-10-03,26.479999542236328,59.95000076293945
2018-10-04,26.760000228881836,58.79999923706055
2018-10-05,26.65999984741211,57.4900016784668
2018-10-08,29.190000534057617,57.04999923706055
2018-10-09,29.729999542236328,57.70000076293945
2018-10-10,28.6299991607666,55.88999938964844
2018-10-11,28.100000381469727,56.47999954223633
2018-10-15,28.75,57.66999816894531
2018-10-16,29.799999237060547,57.70000076293945
2018-10-17,29.600000381469727,58.79999923706055
2018-10-18,28.649999618530273,56.5
2018-10-19,28.940000534057617,56.529998779296875
2018-10-22,29.719999313354492,58.369998931884766
2018-10-23,29.15999984741211,56.75
2018-10-24,28.31999969482422,54.43000030517578
2018-10-25,28.90999984741211,54.61000061035156
2018-10-26,30.0,55.599998474121094
2018-10-29,28.920000076293945,53.099998474121094
2018-10-30,30.520000457763672,53.869998931884766
2018-10-31,30.31999969482422,56.709999084472656
2018-11-01,29.770000457763672,57.5
2018-11-05,30.649999618530273,57.529998779296875
2018-11-06,29.860000610351562,57.22999954223633
2018-11-07,29.200000762939453,57.59000015258789
2018-11-08,28.239999771118164,57.02000045776367
2018-11-09,28.1299991607666,54.650001525878906
2018-11-12,27.989999771118164,54.849998474121094
2018-11-13,26.700000762939453,56.27000045776367
2018-11-14,27.190000534057617,55.15999984741211
2018-11-16,28.049999237060547,56.150001525878906
2018-11-19,28.030000686645508,55.369998931884766
2018-11-21,27.3799991607666,54.529998779296875
2018-11-22,27.329999923706055,54.040000915527344
2018-11-23,26.690000534057617,50.349998474121094
2018-11-26,27.100000381469727,50.119998931884766
2018-11-27,28.020000457763672,49.91999816894531
2018-11-28,27.670000076293945,52.29999923706055
2018-11-29,27.850000381469727,52.0
2018-11-30,28.1299991607666,52.79999923706055
2018-12-03,28.93000030517578,54.11000061035156
2018-12-04,28.420000076293945,52.880001068115234
2018-12-05,28.59000015258789,52.79999923706055
2018-12-06,27.399999618530273,52.29999923706055
2018-12-07,27.850000381469727,51.290000915527344
2018-12-10,26.469999313354492,50.20000076293945
2018-12-11,26.299999237060547,50.599998474121094
2018-12-12,26.389999389648438,50.369998931884766
2018-12-13,26.530000686645508,50.599998474121094
2018-12-14,26.329999923706055,50.880001068115234
2018-12-17,26.049999237060547,51.25
2018-12-18,25.170000076293945,51.439998626708984
2018-12-19,24.760000228881836,50.0099983215332
2018-12-20,24.15999984741211,49.810001373291016
2018-12-21,24.18000030517578,50.86000061035156
2018-12-26,24.579999923706055,50.439998626708984
2018-12-27,24.440000534057617,49.5
2018-12-28,25.399999618530273,51.0
2019-01-02,26.649999618530273,51.09000015258789
2019-01-03,27.200000762939453,49.0
2019-01-04,27.510000228881836,52.189998626708984
2019-01-07,28.399999618530273,51.90999984741211
2019-01-08,28.25,52.40999984741211
2019-01-09,28.81999969482422,53.689998626708984
2019-01-10,28.68000030517578,53.099998474121094
2019-01-11,28.5,52.380001068115234
2019-01-14,28.399999618530273,52.599998474121094
2019-01-15,28.309999465942383,52.349998474121094
2019-01-16,28.540000915527344,52.650001525878906
2019-01-17,28.780000686645508,54.22999954223633
2019-01-18,29.149999618530273,54.7599983215332
2019-01-21,29.290000915527344,55.279998779296875
2019-01-22,28.850000381469727,55.08000183105469
2019-01-23,29.149999618530273,55.650001525878906
2019-01-24,29.459999084472656,56.150001525878906
2019-01-28,28.420000076293945,42.36000061035156
2019-01-29,29.040000915527344,42.7400016784668
2019-01-30,29.440000534057617,46.599998474121094
2019-01-31,29.549999237060547,45.5
2019-02-01,30.020000457763672,46.25
2019-02-04,30.360000610351562,44.68000030517578
2019-02-05,30.549999237060547,44.52000045776367
2019-02-06,30.010000228881836,42.459999084472656
2019-02-07,29.479999542236328,41.59000015258789
2019-02-08,29.270000457763672,43.15999984741211
2019-02-11,28.899999618530273,42.02000045776367
2019-02-12,29.940000534057617,44.29999923706055
2019-02-13,30.649999618530273,45.4900016784668
2019-02-14,31.290000915527344,45.65999984741211
2019-02-15,31.049999237060547,45.880001068115234
2019-02-18,30.690000534057617,45.25
2019-02-19,31.260000228881836,45.4900016784668
2019-02-20,31.260000228881836,45.79999923706055
2019-02-21,31.43000030517578,45.380001068115234
2019-02-22,31.25,46.9900016784668
2019-02-25,30.5,47.119998931884766
2019-02-26,30.510000228881836,47.20000076293945
2019-02-27,30.670000076293945,46.83000183105469
2019-02-28,29.860000610351562,47.099998474121094
2019-03-01,29.200000762939453,46.7400016784668
2019-03-06,29.479999542236328,48.04999923706055
2019-03-07,29.219999313354492,48.86000061035156
2019-03-08,29.0,48.849998474121094
2019-03-11,30.639999389648438,49.880001068115234
2019-03-12,30.1299991607666,49.970001220703125
2019-03-13,30.940000534057617,50.70000076293945
2019-03-14,31.290000915527344,50.709999084472656
2019-03-15,31.6200008392334,50.54999923706055
2019-03-18,32.2599983215332,50.459999084472656
2019-03-19,32.77000045776367,51.900001525878906
2019-03-20,32.970001220703125,50.560001373291016
2019-03-21,32.310001373291016,50.88999938964844
2019-03-22,30.770000457763672,50.04999923706055
2019-03-25,30.649999618530273,49.54999923706055
2019-03-26,31.93000030517578,50.279998779296875
2019-03-27,30.450000762939453,49.599998474121094
2019-03-28,30.959999084472656,49.29999923706055
2019-03-29,31.149999618530273,50.93000030517578
2019-04-01,30.8700008392334,52.599998474121094
2019-04-02,31.0,51.630001068115234
2019-04-03,30.350000381469727,51.779998779296875
2019-04-04,31.350000381469727,52.15999984741211
2019-04-05,32.04999923706055,51.97999954223633
2019-04-08,32.7400016784668,53.38999938964844
2019-04-09,32.45000076293945,52.349998474121094
2019-04-10,32.27000045776367,51.7599983215332
2019-04-11,31.850000381469727,51.790000915527344
2019-04-12,29.1299991607666,51.47999954223633
2019-04-15,29.110000610351562,51.33000183105469
2019-04-16,30.149999618530273,53.099998474121094
2019-04-17,30.18000030517578,52.25
2019-04-18,30.760000228881836,52.58000183105469
2019-04-22,30.8700008392334,51.29999923706055
2019-04-23,31.1200008392334,51.91999816894531
2019-04-24,30.579999923706055,50.36000061035156
2019-04-25,30.65999984741211,50.33000183105469
2019-04-26,30.389999389648438,50.41999816894531
2019-04-29,30.25,50.25
2019-04-30,29.959999084472656,50.099998474121094
2019-05-02,29.510000228881836,48.939998626708984
2019-05-03,29.559999465942383,50.400001525878906
2019-05-06,29.540000915527344,49.65999984741211
2019-05-07,29.219999313354492,49.70000076293945
2019-05-08,30.219999313354492,49.0
2019-05-09,29.360000610351562,48.540000915527344
2019-05-10,29.350000381469727,49.459999084472656
2019-05-13,28.510000228881836,47.43000030517578
2019-05-14,28.520000457763672,47.59000015258789
2019-05-15,28.31999969482422,47.95000076293945
2019-05-16,27.780000686645508,46.400001525878906
2019-05-17,27.559999465942383,47.720001220703125
2019-05-20,28.06999969482422,46.75
2019-05-21,28.799999237060547,47.40999984741211
2019-05-22,28.770000457763672,47.459999084472656
2019-05-23,28.270000457763672,47.81999969482422
2019-05-24,28.329999923706055,48.310001373291016
2019-05-27,28.739999771118164,50.189998626708984
2019-05-28,29.1299991607666,50.25
2019-05-29,28.899999618530273,49.70000076293945
2019-05-30,28.850000381469727,50.0099983215332
2019-05-31,28.229999542236328,49.0
2019-06-03,28.850000381469727,48.83000183105469
2019-06-04,29.020000457763672,49.11000061035156
2019-06-05,28.610000610351562,48.38999938964844
2019-06-06,29.059999465942383,48.79999923706055
2019-06-07,29.850000381469727,48.65999984741211
2019-06-10,29.350000381469727,48.34000015258789
2019-06-11,29.950000762939453,51.43000030517578
2019-06-12,29.510000228881836,51.4900016784668
2019-06-13,29.90999984741211,51.849998474121094
2019-06-14,30.190000534057617,51.400001525878906
2019-06-17,30.149999618530273,50.20000076293945
2019-06-18,30.610000610351562,52.0
2019-06-19,30.84000015258789,52.29999923706055
2019-06-21,31.790000915527344,52.439998626708984
2019-06-24,31.65999984741211,52.400001525878906
2019-06-25,30.700000762939453,51.380001068115234
2019-06-26,30.549999237060547,51.58000183105469
2019-06-27,29.889999389648438,51.70000076293945
2019-06-28,30.020000457763672,51.81999969482422
2019-07-01,29.920000076293945,53.650001525878906
2019-07-02,29.469999313354492,51.38999938964844
2019-07-03,29.770000457763672,51.290000915527344
2019-07-04,30.15999984741211,51.66999816894531
2019-07-05,30.030000686645508,50.36000061035156
2019-07-08,30.610000610351562,50.95000076293945
2019-07-10,30.719999313354492,52.130001068115234
2019-07-11,31.299999237060547,52.04999923706055
2019-07-12,31.5,51.810001373291016
2019-07-15,30.969999313354492,52.689998626708984
2019-07-16,30.600000381469727,53.04999923706055
2019-07-17,30.399999618530273,52.689998626708984
2019-07-18,30.06999969482422,52.59000015258789
2019-07-19,30.059999465942383,52.720001220703125
2019-07-22,30.100000381469727,52.45000076293945
2019-07-23,30.25,51.7599983215332
2019-07-24,30.0,50.650001525878906
2019-07-25,29.459999084472656,50.4900016784668
2019-07-26,28.540000915527344,50.22999954223633
2019-07-29,28.889999389648438,50.2599983215332
2019-07-30,28.700000762939453,50.0099983215332
2019-07-31,28.790000915527344,49.810001373291016
2019-08-01,28.350000381469727,48.400001525878906
2019-08-02,29.209999084472656,47.84000015258789
2019-08-05,28.0,46.0
2019-08-06,28.469999313354492,46.619998931884766
2019-08-07,28.200000762939453,46.47999954223633
2019-08-08,28.8700008392334,47.18000030517578
2019-08-09,28.6200008392334,45.4900016784668
2019-08-12,27.850000381469727,45.15999984741211
2019-08-13,27.959999084472656,46.5
2019-08-14,27.100000381469727,44.880001068115234
2019-08-15,26.5,43.88999938964844
2019-08-16,26.3799991607666,43.689998626708984
2019-08-19,26.739999771118164,43.650001525878906
2019-08-20,26.489999771118164,43.84000015258789
2019-08-21,27.899999618530273,44.150001525878906
2019-08-22,27.6299991607666,43.88999938964844
2019-08-23,26.760000228881836,43.279998779296875
2019-08-26,26.40999984741211,42.79999923706055
2019-08-27,26.90999984741211,43.31999969482422
2019-08-28,27.100000381469727,43.47999954223633
2019-08-29,28.1200008392334,45.099998474121094
2019-08-30,28.270000457763672,45.56999969482422
2019-09-02,27.969999313354492,46.0099983215332
2019-09-03,28.110000610351562,45.52000045776367
2019-09-04,28.81999969482422,46.52000045776367
2019-09-05,29.0,46.52000045776367
2019-09-06,29.190000534057617,46.45000076293945
2019-09-09,29.770000457763672,47.88999938964844
2019-09-10,30.0,48.2400016784668
2019-09-11,29.469999313354492,47.95000076293945
2019-09-12,29.829999923706055,49.689998626708984
2019-09-13,29.65999984741211,49.790000915527344
2019-09-16,31.0,48.59000015258789
2019-09-17,30.520000457763672,48.900001525878906
2019-09-18,30.020000457763672,48.400001525878906
2019-09-19,30.239999771118164,48.31999969482422
2019-09-20,30.31999969482422,48.41999816894531
2019-09-23,30.450000762939453,48.099998474121094
2019-09-24,30.059999465942383,46.93000030517578
2019-09-25,30.100000381469727,47.86000061035156
2019-09-26,30.350000381469727,47.86000061035156
2019-09-27,30.420000076293945,47.65999984741211
2019-09-30,30.149999618530273,47.75
2019-10-01,29.979999542236328,47.709999084472656
2019-10-02,28.899999618530273,45.099998474121094
2019-10-03,29.1200008392334,45.439998626708984
2019-10-04,28.850000381469727,46.59000015258789
2019-10-07,28.399999618530273,46.040000915527344
2019-10-08,28.219999313354492,45.31999969482422
2019-10-09,28.93000030517578,45.66999816894531
2019-10-10,29.06999969482422,47.2400016784668
2019-10-11,29.5,48.63999938964844
2019-10-14,29.670000076293945,47.9900016784668
2019-10-15,30.06999969482422,47.90999984741211
2019-10-16,30.489999771118164,46.79999923706055
2019-10-17,30.200000762939453,46.709999084472656
2019-10-18,29.950000762939453,46.029998779296875
2019-10-21,30.350000381469727,47.209999084472656
2019-10-22,31.280000686645508,47.29999923706055
2019-10-23,31.43000030517578,47.11000061035156
2019-10-24,30.809999465942383,46.75
2019-10-25,31.709999084472656,48.560001373291016
2019-10-28,31.950000762939453,48.70000076293945
2019-10-29,32.2400016784668,48.650001525878906
2019-10-30,32.630001068115234,48.59000015258789
2019-10-31,32.70000076293945,47.20000076293945
2019-11-01,32.7400016784668,48.439998626708984
2019-11-04,32.970001220703125,49.81999969482422
2019-11-05,32.54999923706055,49.869998931884766
2019-11-06,32.40999984741211,49.689998626708984
2019-11-07,33.45000076293945,50.11000061035156
2019-11-08,32.90999984741211,49.18000030517578
2019-11-11,33.13999938964844,48.130001068115234
2019-11-12,32.52000045776367,47.900001525878906
2019-11-13,32.400001525878906,47.119998931884766
2019-11-14,31.709999084472656,47.0
2019-11-18,31.700000762939453,47.61000061035156
2019-11-19,31.25,48.16999816894531
2019-11-21,32.08000183105469,48.41999816894531
2019-11-22,32.220001220703125,50.029998779296875
2019-11-25,32.02000045776367,50.86000061035156
2019-11-26,31.389999389648438,51.220001220703125
2019-11-27,31.450000762939453,50.58000183105469
2019-11-28,31.59000015258789,50.369998931884766
2019-11-29,31.200000762939453,49.97999954223633
2019-12-02,31.15999984741211,51.34000015258789
2019-12-03,31.06999969482422,50.41999816894531
2019-12-04,31.450000762939453,50.91999816894531
2019-12-05,31.860000610351562,50.95000076293945
2019-12-06,32.06999969482422,51.349998474121094
2019-12-09,32.22999954223633,51.439998626708984
2019-12-10,32.43000030517578,51.20000076293945
2019-12-11,32.439998626708984,51.83000183105469
2019-12-12,32.869998931884766,52.95000076293945
2019-12-13,31.329999923706055,53.7599983215332
2019-12-16,31.09000015258789,53.34000015258789
2019-12-17,31.520000457763672,53.41999816894531
2019-12-18,32.349998474121094,53.470001220703125
2019-12-19,32.29999923706055,54.0
2019-12-20,31.93000030517578,54.790000915527344
2019-12-23,32.400001525878906,54.58000183105469
2019-12-26,32.689998626708984,54.790000915527344
2019-12-27,32.16999816894531,53.599998474121094
2019-12-30,32.0,53.29999923706055
2020-01-02,32.79999923706055,54.33000183105469
2020-01-03,31.989999771118164,53.93000030517578
2020-01-06,33.029998779296875,53.61000061035156
2020-01-07,32.58000183105469,54.0
2020-01-08,32.04999923706055,54.0099983215332
2020-01-09,32.22999954223633,53.29999923706055
2020-01-10,32.099998474121094,53.36000061035156
2020-01-13,32.09000015258789,55.29999923706055
2020-01-14,31.829999923706055,55.63999938964844
2020-01-15,31.1200008392334,55.459999084472656
2020-01-16,31.219999313354492,55.16999816894531
2020-01-17,31.850000381469727,57.0
2020-01-20,31.979999542236328,57.36000061035156
2020-01-21,31.020000457763672,56.029998779296875
2020-01-22,31.020000457763672,56.29999923706055
2020-01-23,31.229999542236328,55.5
2020-01-24,31.110000610351562,53.79999923706055
2020-01-27,29.799999237060547,50.5099983215332
2020-01-28,30.5,51.20000076293945
2020-01-29,30.360000610351562,50.75
2020-01-30,30.989999771118164,51.5
2020-01-31,30.350000381469727,50.27000045776367
2020-02-03,30.010000228881836,50.90999984741211
2020-02-04,30.75,52.27000045776367
2020-02-05,30.479999542236328,52.9900016784668
2020-02-06,31.299999237060547,53.279998779296875
2020-02-07,31.459999084472656,52.099998474121094
2020-02-10,31.579999923706055,50.189998626708984
2020-02-11,32.0099983215332,52.04999923706055
2020-02-12,32.54999923706055,53.06999969482422
2020-02-13,31.93000030517578,52.13999938964844
2020-02-14,31.6200008392334,51.0
2020-02-17,31.700000762939453,53.40999984741211
2020-02-18,31.940000534057617,52.79999923706055
2020-02-19,32.56999969482422,52.810001373291016
2020-02-20,31.75,52.20000076293945
2020-02-21,30.850000381469727,50.130001068115234
2020-02-26,27.780000686645508,45.349998474121094
2020-02-27,26.829999923706055,44.470001220703125
2020-02-28,27.149999618530273,44.310001373291016
2020-03-02,28.100000381469727,46.36000061035156
2020-03-03,27.5,46.349998474121094
2020-03-04,28.219999313354492,48.56999969482422
2020-03-05,26.809999465942383,46.849998474121094
2020-03-06,24.059999465942383,44.61000061035156
2020-03-09,16.920000076293945,37.83000183105469
2020-03-10,18.360000610351562,44.810001373291016
2020-03-11,16.3700008392334,40.7400016784668
2020-03-12,12.920000076293945,35.349998474121094
2020-03-13,15.859999656677246,42.900001525878906
2020-03-16,13.130000114440918,39.040000915527344
2020-03-17,13.079999923706055,41.5099983215332
2020-03-18,11.050000190734863,38.650001525878906
2020-03-19,12.449999809265137,36.400001525878906
2020-03-20,12.220000267028809,35.189998626708984
2020-03-23,11.619999885559082,34.099998474121094
2020-03-24,13.470000267028809,37.63999938964844
2020-03-25,14.550000190734863,40.849998474121094
2020-03-26,14.600000381469727,42.0
2020-03-27,13.029999732971191,40.099998474121094
2020-03-30,13.4399995803833,41.77000045776367
2020-03-31,14.140000343322754,43.220001220703125
2020-04-01,14.210000038146973,43.369998931884766
2020-04-02,15.430000305175781,42.779998779296875
2020-04-03,15.319999694824219,40.5
2020-04-06,16.149999618530273,43.130001068115234
2020-04-07,16.559999465942383,43.779998779296875
2020-04-08,17.5,43.5099983215332
2020-04-09,16.860000610351562,43.279998779296875
2020-04-13,17.299999237060547,44.56999969482422
2020-04-14,17.18000030517578,44.529998779296875
2020-04-15,16.6200008392334,43.189998626708984
2020-04-16,16.1299991607666,42.7599983215332
2020-04-17,16.700000762939453,44.0
2020-04-20,16.549999237060547,42.459999084472656
2020-04-22,17.149999618530273,42.900001525878906
2020-04-23,17.34000015258789,43.5099983215332
2020-04-24,16.06999969482422,43.7599983215332
2020-04-27,16.799999237060547,44.54999923706055
2020-04-28,18.020000457763672,44.61000061035156
2020-04-29,19.0,46.72999954223633
2020-04-30,18.649999618530273,44.86000061035156
2020-05-04,18.049999237060547,43.93000030517578
2020-05-05,18.670000076293945,43.70000076293945
2020-05-06,17.940000534057617,44.33000183105469
2020-05-07,18.299999237060547,46.04999923706055
2020-05-08,19.549999237060547,48.849998474121094
2020-05-11,19.030000686645508,47.72999954223633
2020-05-12,18.8700008392334,47.459999084472656
2020-05-13,18.1299991607666,48.540000915527344
2020-05-14,17.690000534057617,48.09000015258789
2020-05-15,17.700000762939453,48.04999923706055
2020-05-18,19.420000076293945,51.2599983215332
2020-05-19,19.299999237060547,52.29999923706055
2020-05-20,19.8799991607666,52.5
2020-05-21,19.950000762939453,51.130001068115234
2020-05-22,19.520000457763672,50.27000045776367
2020-05-25,20.34000015258789,50.099998474121094
2020-05-26,20.549999237060547,49.20000076293945
2020-05-27,20.649999618530273,50.63999938964844
2020-05-28,20.559999465942383,50.09000015258789
2020-05-29,20.84000015258789,53.0
2020-06-01,20.950000762939453,53.41999816894531
2020-06-02,21.860000610351562,53.41999816894531
2020-06-03,22.059999465942383,53.65999984741211
2020-06-04,22.15999984741211,55.65999984741211
2020-06-05,22.850000381469727,54.61000061035156
2020-06-08,23.350000381469727,54.779998779296875
2020-06-09,22.690000534057617,54.9900016784668
2020-06-10,22.020000457763672,54.20000076293945
2020-06-12,21.239999771118164,53.400001525878906
2020-06-15,21.31999969482422,53.880001068115234
2020-06-16,22.200000762939453,55.38999938964844
2020-06-17,22.25,56.20000076293945
2020-06-18,22.600000381469727,56.16999816894531
2020-06-19,22.280000686645508,55.16999816894531
2020-06-22,21.8700008392334,55.0
2020-06-23,22.510000228881836,55.59000015258789
2020-06-24,21.90999984741211,55.38999938964844
2020-06-25,22.3700008392334,56.0
2020-06-26,21.8799991607666,55.619998931884766
2020-06-29,22.559999465942383,55.630001068115234
2020-06-30,22.34000015258789,55.91999816894531
2020-07-01,22.360000610351562,54.540000915527344
2020-07-02,22.639999389648438,55.4900016784668
2020-07-03,22.5,55.2599983215332
2020-07-06,23.149999618530273,56.56999969482422
2020-07-07,22.760000228881836,56.369998931884766
2020-07-08,23.31999969482422,57.31999969482422
2020-07-09,22.649999618530273,56.41999816894531
2020-07-10,23.0,56.970001220703125
2020-07-13,22.850000381469727,57.650001525878906
2020-07-14,23.639999389648438,61.70000076293945
2020-07-15,24.200000762939453,61.790000915527344
2020-07-16,23.6299991607666,60.119998931884766
2020-07-17,23.649999618530273,61.040000915527344
2020-07-20,23.5,60.79999923706055
2020-07-21,23.989999771118164,59.70000076293945
2020-07-22,23.739999771118164,59.2400016784668
2020-07-23,23.229999542236328,58.849998474121094
2020-07-24,23.329999923706055,58.599998474121094
2020-07-27,23.770000457763672,61.369998931884766
2020-07-28,23.389999389648438,60.34000015258789
2020-07-29,23.829999923706055,62.95000076293945
2020-07-30,23.31999969482422,61.27000045776367
2020-07-31,22.700000762939453,60.709999084472656
2020-08-03,22.34000015258789,60.2599983215332
2020-08-04,22.309999465942383,60.70000076293945
2020-08-05,23.75,62.189998626708984
2020-08-06,23.829999923706055,61.83000183105469
2020-08-07,23.309999465942383,60.45000076293945
2020-08-10,24.100000381469727,62.20000076293945
2020-08-11,23.690000534057617,60.279998779296875
2020-08-12,24.049999237060547,61.5
2020-08-13,23.34000015258789,60.349998474121094
2020-08-14,23.25,61.349998474121094
2020-08-17,23.260000228881836,62.22999954223633
2020-08-18,23.610000610351562,63.060001373291016
2020-08-19,23.510000228881836,62.38999938964844
2020-08-20,23.260000228881836,62.95000076293945
2020-08-21,23.079999923706055,62.20000076293945
2020-08-24,23.540000915527344,62.959999084472656
2020-08-25,23.43000030517578,61.619998931884766
2020-08-26,22.760000228881836,61.75
2020-08-27,22.649999618530273,60.790000915527344
2020-08-28,23.110000610351562,61.099998474121094
2020-08-31,22.31999969482422,59.68000030517578
2020-09-01,23.360000610351562,61.7599983215332
2020-09-02,23.299999237060547,61.31999969482422
2020-09-03,23.299999237060547,59.31999969482422
2020-09-04,23.329999923706055,60.4900016784668
2020-09-08,22.520000457763672,59.27000045776367
2020-09-09,23.020000457763672,60.0
2020-09-10,22.149999618530273,58.529998779296875
2020-09-11,22.040000915527344,61.95000076293945
2020-09-14,21.81999969482422,61.90999984741211
2020-09-15,21.8700008392334,62.599998474121094
2020-09-16,21.950000762939453,60.970001220703125
2020-09-17,22.440000534057617,62.08000183105469
2020-09-18,21.940000534057617,61.65999984741211
2020-09-21,21.280000686645508,60.0
2020-09-22,21.270000457763672,57.810001373291016
2020-09-23,20.75,59.099998474121094
2020-09-24,20.899999618530273,58.65999984741211
2020-09-25,20.68000030517578,59.25
2020-09-28,20.18000030517578,58.779998779296875
2020-09-29,19.610000610351562,58.349998474121094
2020-09-30,19.770000457763672,59.11000061035156
2020-10-01,19.950000762939453,58.86000061035156
2020-10-02,19.18000030517578,58.31999969482422
2020-10-05,20.1200008392334,59.59000015258789
2020-10-06,19.989999771118164,58.619998931884766
2020-10-07,19.90999984741211,60.16999816894531
2020-10-08,20.59000015258789,61.290000915527344
2020-10-09,19.90999984741211,61.599998474121094
2020-10-13,20.1299991607666,62.13999938964844
2020-10-14,20.010000228881836,63.0
2020-10-15,19.790000915527344,62.470001220703125
2020-10-16,19.299999237060547,62.2400016784668
2020-10-19,19.510000228881836,61.95000076293945
2020-10-20,20.18000030517578,61.84000015258789
2020-10-21,20.170000076293945,62.849998474121094
2020-10-22,20.809999465942383,63.099998474121094
2020-10-23,20.489999771118164,63.45000076293945
2020-10-26,20.200000762939453,62.5
2020-10-27,19.860000610351562,62.529998779296875
2020-10-28,18.639999389648438,60.2599983215332
2020-10-29,19.329999923706055,62.02000045776367
2020-10-30,19.0,60.54999923706055
2020-11-03,19.75,63.34000015258789
2020-11-04,19.84000015258789,61.58000183105469
2020-11-05,19.940000534057617,62.54999923706055
2020-11-06,19.8700008392334,63.189998626708984
2020-11-09,21.899999618530273,63.189998626708984
2020-11-10,23.639999389648438,63.15999984741211
2020-11-11,23.6200008392334,63.599998474121094
2020-11-12,22.649999618530273,62.66999816894531
2020-11-13,23.18000030517578,63.25
2020-11-16,23.93000030517578,64.91999816894531
2020-11-17,24.200000762939453,66.97000122070312
2020-11-18,24.229999542236328,66.44999694824219
2020-11-19,24.450000762939453,67.72000122070312
2020-11-23,25.479999542236328,71.29000091552734
2020-11-24,26.84000015258789,74.80000305175781
2020-11-25,26.65999984741211,75.5
2020-11-26,26.25,76.56999969482422
2020-11-27,25.899999618530273,78.44000244140625
2020-11-30,25.549999237060547,78.0
2020-12-01,26.299999237060547,81.25
2020-12-02,26.65999984741211,79.83999633789062
2020-12-03,27.200000762939453,78.95999908447266
2020-12-04,28.100000381469727,81.9800033569336
2020-12-07,27.469999313354492,82.94999694824219
2020-12-08,27.229999542236328,82.9000015258789
2020-12-09,27.260000228881836,82.69999694824219
2020-12-10,28.25,85.0
2020-12-11,28.010000228881836,84.86000061035156
2020-12-14,27.889999389648438,83.55000305175781
2020-12-15,28.25,84.5
2020-12-16,28.559999465942383,86.22000122070312
2020-12-17,28.920000076293945,87.19999694824219
2020-12-18,28.6200008392334,87.80000305175781
2020-12-21,27.559999465942383,86.86000061035156
2020-12-22,27.84000015258789,86.94000244140625
2020-12-23,28.440000534057617,87.36000061035156
2020-12-28,28.649999618530273,87.30999755859375
2020-12-29,28.670000076293945,87.06999969482422
2020-12-30,28.850000381469727,87.44999694824219
2021-01-04,29.5,91.45999908447266
2021-01-05,30.399999618530273,93.0
2021-01-06,30.75,96.05000305175781
2021-01-07,31.649999618530273,102.31999969482422
2021-01-08,31.59000015258789,102.0
2021-01-11,31.290000915527344,101.9800033569336
2021-01-12,31.18000030517578,99.19000244140625
2021-01-13,29.739999771118164,96.22000122070312
2021-01-14,29.860000610351562,97.80000305175781
2021-01-15,28.809999465942383,93.55000305175781
2021-01-18,28.760000228881836,94.30999755859375
2021-01-19,29.1200008392334,94.05999755859375
2021-01-20,28.6299991607666,92.31999969482422
2021-01-21,28.09000015258789,93.36000061035156
2021-01-22,27.729999542236328,93.16999816894531
2021-01-26,27.600000381469727,91.75
2021-01-27,27.979999542236328,89.19999694824219
2021-01-28,28.600000381469727,91.0999984741211
2021-01-29,27.329999923706055,87.94999694824219
2021-02-01,28.110000610351562,91.2699966430664
2021-02-02,29.079999923706055,87.66000366210938
2021-02-03,29.299999237060547,90.43000030517578
2021-02-04,29.270000457763672,89.29000091552734
2021-02-05,29.68000030517578,92.69000244140625
2021-02-08,28.450000762939453,94.01000213623047
2021-02-09,27.709999084472656,94.25
2021-02-10,28.049999237060547,94.69999694824219
2021-02-11,28.309999465942383,93.0999984741211
2021-02-12,28.5,93.88999938964844
2021-02-17,29.68000030517578,96.3499984741211
2021-02-18,29.43000030517578,97.4000015258789
2021-02-19,27.100000381469727,97.7699966430664
2021-02-22,21.549999237060547,95.3499984741211
2021-02-23,23.479999542236328,96.94999694824219
2021-02-24,23.780000686645508,97.93000030517578
2021-02-25,22.940000534057617,95.70999908447266
2021-02-26,22.149999618530273,94.5199966430664
2021-03-01,22.010000228881836,98.56999969482422
2021-03-02,21.90999984741211,101.5999984741211
2021-03-03,20.969999313354492,100.3499984741211
2021-03-04,21.8700008392334,98.86000061035156
2021-03-05,22.059999465942383,100.20999908447266
2021-03-08,21.0,99.66999816894531
2021-03-09,21.389999389648438,98.66999816894531
2021-03-10,22.290000915527344,97.1500015258789
2021-03-11,22.950000762939453,99.69999694824219
2021-03-12,22.700000762939453,97.4000015258789
2021-03-15,23.260000228881836,96.81999969482422
2021-03-16,22.90999984741211,96.51000213623047
2021-03-17,23.639999389648438,97.9000015258789
2021-03-18,22.969999313354492,96.16000366210938
2021-03-19,23.520000457763672,94.77999877929688
2021-03-22,23.079999923706055,93.20999908447266
2021-03-23,22.549999237060547,91.05999755859375
2021-03-24,22.530000686645508,93.1500015258789
2021-03-25,22.959999084472656,92.44000244140625
2021-03-26,23.299999237060547,95.52999877929688
2021-03-29,23.649999618530273,97.9800033569336
2021-03-30,23.579999923706055,97.06999969482422
2021-03-31,23.940000534057617,97.97000122070312
2021-04-01,23.6200008392334,97.38999938964844
2021-04-05,23.8700008392334,103.38999938964844
2021-04-06,23.690000534057617,102.05000305175781
2021-04-07,23.799999237060547,104.55999755859375
2021-04-08,23.399999618530273,104.5
2021-04-09,23.5,103.0
2021-04-12,23.739999771118164,103.4000015258789
2021-04-13,23.739999771118164,103.58000183105469
2021-04-14,24.1200008392334,107.0
2021-04-15,22.920000076293945,108.20999908447266
2021-04-16,22.649999618530273,108.66999816894531
2021-04-19,23.790000915527344,107.7300033569336
2021-04-20,23.200000762939453,106.16000366210938
2021-04-22,23.209999084472656,106.2300033569336
2021-04-23,23.270000457763672,107.98999786376953
2021-04-26,23.299999237060547,108.56999969482422
2021-04-27,22.739999771118164,110.12000274658203
2021-04-28,23.549999237060547,111.91999816894531
2021-04-29,23.079999923706055,111.94999694824219
2021-04-30,23.100000381469727,109.0199966430664
2021-05-03,23.010000228881836,108.45999908447266
2021-05-04,22.479999542236328,110.0999984741211
2021-05-05,23.399999618530273,110.70999908447266
2021-05-06,23.06999969482422,115.05000305175781
2021-05-07,23.93000030517578,115.44999694824219
2021-05-10,24.229999542236328,114.69000244140625
2021-05-11,24.549999237060547,118.72000122070312
2021-05-12,24.239999771118164,114.33000183105469
2021-05-13,24.5,112.48999786376953
2021-05-14,25.639999389648438,110.55999755859375
2021-05-17,25.940000534057617,113.45999908447266
2021-05-18,25.600000381469727,114.5999984741211
2021-05-19,25.520000457763672,112.25
2021-05-20,25.170000076293945,111.11000061035156
2021-05-21,25.420000076293945,109.4000015258789
2021-05-24,25.68000030517578,109.77999877929688
2021-05-25,25.219999313354492,107.05000305175781
2021-05-26,25.450000762939453,110.19999694824219
2021-05-27,25.25,110.98999786376953
2021-05-28,26.709999084472656,111.58999633789062
2021-05-31,26.649999618530273,114.77999877929688
2021-06-01,27.229999542236328,113.19999694824219
2021-06-02,28.579999923706055,114.80000305175781
2021-06-04,28.93000030517578,112.9000015258789
2021-06-07,28.719999313354492,111.80000305175781
2021-06-08,29.40999984741211,109.91999816894531
2021-06-09,29.510000228881836,112.19999694824219
2021-06-10,29.56999969482422,111.83000183105469
2021-06-11,29.299999237060547,114.33999633789062
2021-06-14,29.260000228881836,113.72000122070312
2021-06-15,29.469999313354492,111.5
2021-06-16,29.56999969482422,108.1500015258789
2021-06-17,28.65999984741211,105.9000015258789
2021-06-18,28.739999771118164,109.08999633789062
2021-06-21,29.34000015258789,110.11000061035156
2021-06-22,29.3700008392334,111.4000015258789
2021-06-23,29.440000534057617,113.06999969482422
2021-06-24,29.889999389648438,111.02999877929688
2021-06-25,29.40999984741211,112.4000015258789
2021-06-28,29.280000686645508,110.5999984741211
2021-06-29,29.68000030517578,112.51000213623047
2021-06-30,30.290000915527344,113.25
2021-07-01,29.760000228881836,111.27999877929688
2021-07-02,30.030000686645508,113.58000183105469
2021-07-05,29.690000534057617,113.16999816894531
2021-07-06,28.579999923706055,113.7699966430664
2021-07-07,28.729999542236328,114.0999984741211
2021-07-08,28.15999984741211,113.66000366210938
2021-07-12,28.450000762939453,115.06999969482422
2021-07-13,28.559999465942383,115.75
2021-07-14,28.3700008392334,115.12000274658203
2021-07-15,27.700000762939453,115.4800033569336
2021-07-16,27.170000076293945,113.4000015258789
2021-07-19,26.850000381469727,112.16000366210938
2021-07-20,27.290000915527344,113.0999984741211
2021-07-21,27.729999542236328,114.4000015258789
2021-07-22,27.770000457763672,114.69999694824219
2021-07-23,27.399999618530273,114.12000274658203
2021-07-26,27.950000762939453,116.5999984741211
2021-07-27,27.829999923706055,114.18000030517578
2021-07-28,28.34000015258789,117.30000305175781
2021-07-29,28.229999542236328,115.56999969482422
2021-07-30,27.5,108.76000213623047
2021-08-02,27.239999771118164,108.93000030517578
2021-08-03,27.700000762939453,112.63999938964844
2021-08-04,26.700000762939453,112.5199966430664
2021-08-05,29.270000457763672,109.08000183105469
2021-08-06,29.110000610351562,109.69999694824219
2021-08-09,28.84000015258789,109.01000213623047
2021-08-10,28.850000381469727,110.05999755859375
2021-08-11,29.299999237060547,109.2699966430664
2021-08-12,29.459999084472656,109.19999694824219
2021-08-13,29.920000076293945,108.30000305175781
2021-08-16,29.350000381469727,108.80000305175781
2021-08-17,27.75,107.0
2021-08-18,27.420000076293945,103.41000366210938
2021-08-19,27.15999984741211,97.51000213623047
2021-08-20,27.149999618530273,97.55000305175781
2021-08-23,28.059999465942383,96.19999694824219
2021-08-24,28.3799991607666,99.70999908447266
2021-08-25,28.450000762939453,99.5
2021-08-26,28.219999313354492,98.2300033569336
2021-08-27,29.079999923706055,100.69000244140625
2021-08-30,28.719999313354492,100.05000305175781
2021-08-31,27.920000076293945,98.68000030517578
2021-09-01,27.770000457763672,98.8499984741211
2021-09-02,27.290000915527344,98.54000091552734
2021-09-03,27.299999237060547,98.61000061035156
2021-09-06,27.3700008392334,97.05999755859375
2021-09-08,25.850000381469727,95.04000091552734
2021-09-09,26.09000015258789,94.69999694824219
2021-09-10,26.06999969482422,94.80999755859375
2021-09-13,26.8799991607666,94.76000213623047
2021-09-14,26.68000030517578,94.08999633789062
2021-09-15,26.969999313354492,91.73999786376953
2021-09-16,26.719999313354492,87.93000030517578
2021-09-17,25.5,86.1500015258789
2021-09-20,25.229999542236328,82.75
2021-09-21,25.6299991607666,84.12000274658203
2021-09-22,26.459999084472656,87.11000061035156
2021-09-23,27.559999465942383,78.91000366210938
2021-09-24,27.559999465942383,77.69000244140625
2021-09-27,27.989999771118164,78.80000305175781
2021-09-28,27.75,74.8499984741211
2021-09-29,28.170000076293945,75.80000305175781
2021-09-30,28.149999618530273,76.23999786376953
2021-10-01,28.68000030517578,76.19999694824219
2021-10-04,29.3799991607666,75.48999786376953
2021-10-05,29.8700008392334,74.94999694824219
2021-10-06,29.139999389648438,77.05999755859375
2021-10-07,29.200000762939453,79.36000061035156
2021-10-08,29.790000915527344,79.8499984741211
2021-10-11,29.770000457763672,81.62000274658203
2021-10-13,30.299999237060547,79.19999694824219
2021-10-14,30.25,79.19999694824219
2021-10-15,30.15999984741211,80.68000030517578
2021-10-18,30.200000762939453,79.91999816894531
2021-10-19,28.8799991607666,79.0
2021-10-20,29.5,76.66999816894531
2021-10-21,28.459999084472656,75.16000366210938
2021-10-22,27.899999618530273,76.08000183105469
2021-10-25,29.610000610351562,77.0
2021-10-26,29.270000457763672,76.18000030517578
2021-10-27,29.309999465942383,74.44999694824219
2021-10-28,29.59000015258789,73.69999694824219
2021-10-29,27.670000076293945,71.61000061035156
2021-11-01,28.700000762939453,72.31999969482422
2021-11-03,27.479999542236328,66.83000183105469
2021-11-04,26.670000076293945,66.06999969482422
2021-11-05,26.690000534057617,64.11000061035156
2021-11-08,27.1299991607666,67.5999984741211
2021-11-09,27.549999237060547,65.94000244140625
2021-11-10,27.31999969482422,65.69000244140625
2021-11-11,27.31999969482422,68.01000213623047
2021-11-12,27.81999969482422,68.30000305175781
2021-11-16,28.239999771118164,66.33000183105469
2021-11-17,27.59000015258789,65.0
2021-11-18,27.56999969482422,62.33000183105469
2021-11-19,27.190000534057617,64.02999877929688
2021-11-22,27.440000534057617,67.58999633789062
2021-11-23,28.729999542236328,69.37000274658203
2021-11-24,29.290000915527344,70.9800033569336
2021-11-25,30.5,70.5
2021-11-26,29.170000076293945,68.63999938964844
2021-11-29,30.15999984741211,69.5
2021-11-30,30.139999389648438,69.94999694824219
2021-12-01,30.350000381469727,70.2300033569336
2021-12-02,29.520000457763672,73.48999786376953
2021-12-03,30.06999969482422,71.87000274658203
2021-12-06,30.350000381469727,75.7699966430664
2021-12-07,31.190000534057617,76.33000183105469
2021-12-08,31.079999923706055,75.76000213623047
2021-12-09,31.079999923706055,75.18000030517578
2021-12-10,31.489999771118164,75.6500015258789
2021-12-13,31.459999084472656,77.86000061035156
2021-12-14,31.020000457763672,77.8499984741211
2021-12-15,30.920000076293945,77.41000366210938
2021-12-16,31.559999465942383,80.44000244140625
2021-12-17,30.790000915527344,79.16999816894531
2021-12-20,30.200000762939453,78.27999877929688
2021-12-21,30.34000015258789,80.33999633789062
2021-12-22,30.219999313354492,79.91999816894531
2021-12-23,30.440000534057617,79.1500015258789
2021-12-27,31.040000915527344,78.94999694824219
2021-12-28,31.059999465942383,77.05000305175781
2021-12-29,30.950000762939453,77.25
2021-12-30,30.700000762939453,77.95999908447266
2022-01-03,31.520000457763672,78.0
2022-01-04,31.920000076293945,77.08000183105469
2022-01-05,30.610000610351562,77.80999755859375
2022-01-06,30.579999923706055,79.37999725341797
2022-01-07,30.829999923706055,84.0
2022-01-10,30.719999313354492,83.0
2022-01-11,31.989999771118164,84.58000183105469
2022-01-12,33.04999923706055,85.5
2022-01-13,33.849998474121094,84.19999694824219
2022-01-14,34.560001373291016,84.69000244140625
2022-01-17,34.45000076293945,84.25
2022-01-18,34.56999969482422,86.30999755859375
2022-01-19,34.25,88.20999908447266
2022-01-20,34.470001220703125,86.70999908447266
2022-01-21,34.59000015258789,84.91000366210938
2022-01-24,34.650001525878906,83.87000274658203
2022-01-25,35.79999923706055,84.05999755859375
2022-01-26,36.849998474121094,84.30000305175781
2022-01-27,36.9900016784668,84.48999786376953
2022-01-28,35.88999938964844,83.66000366210938
2022-01-31,35.27000045776367,80.87000274658203
2022-02-01,36.310001373291016,85.30999755859375
2022-02-02,35.65999984741211,85.79000091552734
2022-02-03,35.279998779296875,85.75
2022-02-04,35.90999984741211,88.0
2022-02-07,35.47999954223633,90.12999725341797
2022-02-08,34.970001220703125,91.38999938964844
2022-02-09,35.0,91.41000366210938
2022-02-10,35.599998474121094,93.87000274658203
2022-02-11,37.20000076293945,91.97000122070312
2022-02-14,36.2400016784668,91.56999969482422
2022-02-15,35.4900016784668,88.8499984741211
2022-02-16,36.27000045776367,89.5
2022-02-17,36.099998474121094,85.6500015258789
2022-02-18,35.869998931884766,85.83000183105469
2022-02-21,36.84000015258789,85.9000015258789
2022-02-22,36.27000045776367,87.38999938964844
2022-02-23,36.279998779296875,86.47000122070312
2022-02-24,35.709999084472656,87.54000091552734
2022-02-25,36.369998931884766,92.27999877929688
2022-03-02,37.52000045776367,99.6500015258789
2022-03-03,37.220001220703125,99.69999694824219
2022-03-04,36.970001220703125,101.97000122070312
2022-03-07,34.13999938964844,105.06999969482422
2022-03-08,34.689998626708984,100.45999908447266
2022-03-09,34.68000030517578,94.19000244140625
2022-03-10,35.650001525878906,97.30000305175781
2022-03-11,34.810001373291016,96.79000091552734
2022-03-14,34.369998931884766,91.5999984741211
2022-03-15,33.72999954223633,88.97000122070312
2022-03-16,33.7599983215332,91.12999725341797
2022-03-17,32.869998931884766,94.30000305175781
2022-03-18,33.15999984741211,96.08999633789062
2022-03-21,34.27000045776367,98.80999755859375
2022-03-22,34.04999923706055,96.5999984741211
2022-03-23,34.380001068115234,96.44999694824219
2022-03-24,34.970001220703125,96.91000366210938
2022-03-25,35.0,95.2300033569336
2022-03-28,34.08000183105469,95.33999633789062
2022-03-29,34.5,94.5199966430664
2022-03-30,35.11000061035156,95.87000274658203
2022-03-31,35.2400016784668,95.5999984741211
2022-04-01,35.22999954223633,96.95999908447266
2022-04-04,34.869998931884766,97.94000244140625
2022-04-05,34.83000183105469,95.11000061035156
2022-04-06,34.939998626708984,96.55000305175781
2022-04-07,36.689998626708984,97.12999725341797
2022-04-08,37.09000015258789,95.1500015258789
2022-04-11,36.599998474121094,94.0
2022-04-12,36.63999938964844,93.37000274658203
2022-04-13,37.540000915527344,93.4000015258789
2022-04-14,34.75,92.08999633789062
2022-04-18,34.119998931884766,90.56999969482422
2022-04-19,34.709999084472656,87.68000030517578
2022-04-20,35.119998931884766,85.4000015258789
2022-04-22,33.369998931884766,80.44999694824219
2022-04-25,33.13999938964844,79.08000183105469
2022-04-26,33.09000015258789,78.0
2022-04-27,33.189998626708984,82.16999816894531
2022-04-28,33.43000030517578,84.19999694824219
2022-04-29,33.439998626708984,83.29000091552734
2022-05-02,32.84000015258789,82.91999816894531
2022-05-03,33.060001373291016,82.5
2022-05-04,34.619998931884766,81.80999755859375
2022-05-05,34.38999938964844,80.33000183105469
2022-05-06,35.689998626708984,79.76000213623047
2022-05-09,34.2599983215332,76.48999786376953
2022-05-10,34.689998626708984,75.54000091552734
2022-05-11,36.439998626708984,78.69000244140625
2022-05-12,36.58000183105469,77.9000015258789
2022-05-13,36.630001068115234,77.80999755859375
2022-05-16,37.65999984741211,80.13999938964844
2022-05-17,37.689998626708984,79.80000305175781
2022-05-18,36.84000015258789,77.77999877929688
2022-05-19,37.150001525878906,79.8499984741211
2022-05-20,37.66999816894531,81.26000213623047
2022-05-23,39.060001373291016,82.91999816894531
2022-05-24,34.400001525878906,84.04000091552734
2022-05-25,35.099998474121094,84.30000305175781
2022-05-26,35.209999084472656,84.25
2022-05-27,33.7400016784668,85.72000122070312
2022-05-30,33.0099983215332,86.6500015258789
2022-05-31,33.2599983215332,86.20999908447266
2022-06-01,33.22999954223633,88.23999786376953
2022-06-02,32.91999816894531,89.9000015258789
2022-06-03,33.7599983215332,88.45999908447266
2022-06-06,33.7400016784668,88.55000305175781
2022-06-07,33.86000061035156,90.62000274658203
2022-06-08,33.72999954223633,87.5
2022-06-09,33.33000183105469,84.54000091552734
2022-06-10,32.90999984741211,84.55999755859375
2022-06-13,32.40999984741211,81.87999725341797
2022-06-14,32.70000076293945,81.72000122070312
2022-06-15,32.27000045776367,81.66999816894531
2022-06-17,29.93000030517578,77.41000366210938
2022-06-20,30.190000534057617,75.5
2022-06-21,29.8700008392334,76.0
2022-06-22,29.729999542236328,75.3499984741211
2022-06-23,29.100000381469727,72.5999984741211
2022-06-24,28.90999984741211,74.62000274658203
2022-06-27,30.860000610351562,78.05000305175781
2022-06-28,31.309999465942383,79.44999694824219
2022-06-29,30.8799991607666,78.79000091552734
2022-06-30,30.540000915527344,76.55999755859375
2022-07-01,31.110000610351562,75.0999984741211
2022-07-04,31.850000381469727,74.66999816894531
2022-07-05,30.489999771118164,74.30000305175781
2022-07-06,30.030000686645508,75.0
2022-07-07,30.920000076293945,77.18000030517578
2022-07-08,31.200000762939453,75.4000015258789
2022-07-11,31.18000030517578,72.83000183105469
2022-07-12,30.56999969482422,73.05000305175781
2022-07-13,30.700000762939453,72.80000305175781
2022-07-14,29.719999313354492,67.94999694824219
2022-07-15,30.309999465942383,68.37000274658203
2022-07-18,31.31999969482422,68.7300033569336
2022-07-19,31.670000076293945,68.87999725341797
2022-07-20,31.940000534057617,67.38999938964844
2022-07-21,31.59000015258789,68.56999969482422
2022-07-22,31.93000030517578,69.20999908447266
2022-07-25,33.310001373291016,70.48999786376953
2022-07-26,33.790000915527344,70.36000061035156
2022-07-27,34.0099983215332,70.5199966430664
2022-07-28,34.72999954223633,70.69000244140625
2022-07-29,36.959999084472656,69.75
2022-08-01,36.5,68.08000183105469
2022-08-02,36.52000045776367,70.25
2022-08-03,36.31999969482422,67.5199966430664
2022-08-04,36.880001068115234,67.12999725341797
2022-08-05,37.52000045776367,68.0
2022-08-08,39.33000183105469,68.58000183105469
2022-08-09,39.849998474121094,70.0
2022-08-10,39.709999084472656,70.05000305175781
2022-08-11,38.959999084472656,72.48999786376953
2022-08-12,34.880001068115234,69.80000305175781
2022-08-15,34.7599983215332,68.30000305175781
2022-08-16,35.15999984741211,69.81999969482422
2022-08-17,36.33000183105469,68.2300033569336
2022-08-18,36.810001373291016,67.72000122070312
2022-08-19,35.310001373291016,66.95999908447266
2022-08-22,35.869998931884766,65.9800033569336
2022-08-23,37.220001220703125,70.20999908447266
2022-08-24,37.470001220703125,67.94999694824219
2022-08-25,37.09000015258789,69.2699966430664
2022-08-26,37.459999084472656,68.2300033569336
2022-08-29,38.27000045776367,66.91000366210938
2022-08-30,36.11000061035156,64.97000122070312
2022-08-31,37.16999816894531,64.5
2022-09-01,37.84000015258789,63.88999938964844
2022-09-02,37.290000915527344,62.91999816894531
2022-09-05,37.209999084472656,65.22000122070312
2022-09-06,35.900001525878906,63.66999816894531
2022-09-08,35.540000915527344,64.51000213623047
2022-09-09,35.47999954223633,69.55000305175781
2022-09-12,35.33000183105469,70.16000366210938
2022-09-13,34.2599983215332,68.25
2022-09-14,34.68000030517578,67.0
2022-09-15,34.599998474121094,68.3499984741211
2022-09-16,34.40999984741211,68.25
2022-09-19,34.81999969482422,70.45999908447266
2022-09-20,34.7599983215332,69.44999694824219
2022-09-21,34.689998626708984,68.44999694824219
2022-09-22,35.400001525878906,70.0199966430664
2022-09-23,32.900001525878906,68.56999969482422
2022-09-26,32.47999954223633,68.72000122070312
2022-09-27,32.869998931884766,67.69999694824219
2022-09-28,32.63999938964844,68.33999633789062
2022-09-29,32.66999816894531,68.43000030517578
2022-09-30,33.08000183105469,72.04000091552734
2022-10-03,36.0099983215332,74.0
2022-10-04,35.29999923706055,75.79000091552734
2022-10-05,36.54999923706055,76.95999908447266
2022-10-06,37.630001068115234,75.2300033569336
2022-10-07,37.439998626708984,75.51000213623047
2022-10-10,37.099998474121094,73.98999786376953
2022-10-11,36.7400016784668,73.48999786376953
2022-10-13,37.88999938964844,72.18000030517578
2022-10-14,37.150001525878906,69.83000183105469
2022-10-17,36.90999984741211,70.93000030517578
2022-10-18,37.7400016784668,71.95999908447266
2022-10-19,39.13999938964844,71.11000061035156
2022-10-20,40.189998626708984,72.0199966430664
2022-10-21,41.560001373291016,74.12999725341797
2022-10-24,37.45000076293945,71.93000030517578
2022-10-25,36.88999938964844,71.93000030517578
2022-10-26,36.220001220703125,73.52999877929688
2022-10-27,36.33000183105469,70.91000366210938
2022-10-28,35.779998779296875,67.44999694824219
2022-10-31,33.2599983215332,67.12999725341797
2022-11-01,33.369998931884766,69.16999816894531
2022-11-03,33.459999084472656,67.1500015258789
2022-11-04,31.709999084472656,72.25
2022-11-07,30.6299991607666,71.87000274658203
2022-11-08,30.6299991607666,74.05000305175781
2022-11-09,30.059999465942383,73.1500015258789
2022-11-10,29.690000534057617,74.55000305175781
2022-11-11,30.700000762939453,82.30000305175781
2022-11-14,31.549999237060547,83.30999755859375
2022-11-16,31.200000762939453,82.44000244140625
2022-11-17,30.959999084472656,83.0999984741211
2022-11-18,30.389999389648438,80.83000183105469
2022-11-21,30.280000686645508,79.91999816894531
2022-11-22,27.059999465942383,80.13999938964844
2022-11-23,27.06999969482422,80.93000030517578
2022-11-24,28.1200008392334,81.44999694824219
2022-11-25,27.489999771118164,80.9000015258789
2022-11-28,28.170000076293945,81.30000305175781
2022-11-29,29.3799991607666,84.44000244140625
2022-11-30,30.389999389648438,85.70999908447266
2022-12-01,29.25,86.18000030517578
2022-12-02,29.6299991607666,86.80000305175781
2022-12-05,29.229999542236328,86.70999908447266
2022-12-06,29.18000030517578,87.97000122070312
2022-12-07,28.739999771118164,84.83999633789062
2022-12-08,28.1200008392334,85.87999725341797
2022-12-09,28.059999465942383,88.73999786376953
2022-12-12,27.299999237060547,86.08999633789062
2022-12-13,26.93000030517578,86.16000366210938
2022-12-14,24.290000915527344,86.88999938964844
2022-12-15,24.90999984741211,87.16999816894531
2022-12-16,24.979999542236328,85.68000030517578
2022-12-19,25.549999237060547,85.37000274658203
2022-12-20,26.170000076293945,85.75
2022-12-21,26.860000610351562,86.23999786376953
2022-12-22,27.170000076293945,85.75
2022-12-23,28.559999465942383,86.31999969482422
2022-12-26,28.469999313354492,87.11000061035156
2022-12-27,28.65999984741211,89.19000244140625
2022-12-28,28.5,88.98999786376953
2022-12-29,28.040000915527344,88.87999725341797
2023-01-02,26.170000076293945,89.4000015258789
2023-01-03,25.799999237060547,89.23999786376953
2023-01-04,26.229999542236328,89.4000015258789
2023-01-05,27.079999923706055,90.9000015258789
2023-01-06,26.90999984741211,92.33999633789062
2023-01-09,27.09000015258789,92.44000244140625
2023-01-10,27.25,93.58000183105469
2023-01-11,27.600000381469727,93.25
2023-01-12,27.75,93.73999786376953
2023-01-13,27.690000534057617,93.81999969482422
2023-01-16,27.0,92.25
2023-01-17,28.899999618530273,92.12999725341797
2023-01-18,28.530000686645508,93.33999633789062
2023-01-19,29.5,93.73999786376953
2023-01-20,29.829999923706055,93.98999786376953
2023-01-23,30.520000457763672,94.30000305175781
2023-01-24,30.290000915527344,95.30000305175781
2023-01-25,30.420000076293945,96.19999694824219
2023-01-26,29.56999969482422,98.0
2023-01-27,28.899999618530273,95.31999969482422
2023-01-30,28.989999771118164,94.9800033569336
2023-01-31,29.459999084472656,94.51000213623047
2023-02-01,28.8799991607666,93.45999908447266
2023-02-02,27.510000228881836,89.13999938964844
2023-02-03,27.84000015258789,88.94999694824219
2023-02-06,28.850000381469727,87.83999633789062
2023-02-07,28.700000762939453,88.41999816894531
2023-02-08,29.280000686645508,88.72000122070312
2023-02-09,29.280000686645508,88.38999938964844
2023-02-10,30.079999923706055,86.80000305175781
2023-02-13,30.229999542236328,86.70999908447266
2023-02-14,30.049999237060547,87.0999984741211
2023-02-15,30.18000030517578,89.0
2023-02-16,30.149999618530273,89.19000244140625
2023-02-17,29.690000534057617,88.02999877929688
2023-02-22,28.950000762939453,87.36000061035156
2023-02-23,30.030000686645508,86.94999694824219
2023-02-24,29.579999923706055,85.04000091552734
2023-02-27,30.06999969482422,85.04000091552734
2023-02-28,28.75,85.31999969482422
2023-03-01,28.75,89.19999694824219
2023-03-02,27.959999084472656,89.0
2023-03-03,28.979999542236328,89.30000305175781
2023-03-06,29.40999984741211,86.1500015258789
2023-03-07,28.520000457763672,85.33000183105469
2023-03-08,28.959999084472656,86.11000061035156
2023-03-09,28.600000381469727,84.9800033569336
2023-03-10,28.399999618530273,84.69999694824219
2023-03-13,27.5,85.05000305175781
2023-03-14,27.010000228881836,83.9800033569336
2023-03-15,26.350000381469727,81.44999694824219
2023-03-16,26.25,81.75
2023-03-17,26.360000610351562,82.7300033569336
2023-03-20,25.739999771118164,83.41000366210938
2023-03-21,26.309999465942383,82.70999908447266
2023-03-22,26.079999923706055,81.68000030517578
2023-03-23,25.56999969482422,79.58000183105469
2023-03-24,25.65999984741211,78.66999816894531
2023-03-27,26.049999237060547,78.54000091552734
2023-03-28,26.5,79.37000274658203
2023-03-29,26.780000686645508,80.51000213623047
2023-03-30,27.079999923706055,81.81999969482422
2023-03-31,26.489999771118164,80.29000091552734
2023-04-03,27.75,80.30999755859375
2023-04-04,27.360000610351562,78.04000091552734
2023-04-05,27.399999618530273,76.88999938964844
2023-04-06,27.079999923706055,76.75
2023-04-10,27.799999237060547,78.2300033569336
2023-04-11,29.020000457763672,82.36000061035156
2023-04-12,29.040000915527344,80.5999984741211
2023-04-13,29.3799991607666,79.51000213623047
2023-04-14,29.81999969482422,78.80999755859375
2023-04-17,29.950000762939453,77.87000274658203
2023-04-18,30.709999084472656,78.54000091552734
2023-04-19,29.729999542236328,76.25
2023-04-20,29.81999969482422,74.66000366210938
2023-04-24,30.280000686645508,71.95999908447266
2023-04-25,30.1200008392334,70.0
2023-04-26,29.690000534057617,70.2699966430664
2023-04-27,28.899999618530273,71.76000213623047
2023-04-28,26.670000076293945,72.4000015258789
2023-05-02,25.479999542236328,69.54000091552734
2023-05-03,25.34000015258789,69.0
2023-05-04,25.709999084472656,66.86000061035156
2023-05-05,26.790000915527344,69.04000091552734
2023-05-08,27.229999542236328,69.97000122070312
2023-05-09,27.440000534057617,70.69000244140625
2023-05-10,27.489999771118164,69.36000061035156
2023-05-11,28.149999618530273,68.01000213623047
2023-05-12,29.139999389648438,68.08000183105469
2023-05-15,28.559999465942383,69.05999755859375
2023-05-16,29.200000762939453,67.63999938964844
2023-05-17,29.020000457763672,69.87999725341797
2023-05-18,29.149999618530273,69.9800033569336
2023-05-19,29.290000915527344,69.20999908447266
2023-05-22,28.850000381469727,68.0999984741211
2023-05-23,29.450000762939453,66.55999755859375
2023-05-24,29.770000457763672,65.05000305175781
2023-05-25,29.549999237060547,64.8499984741211
2023-05-26,30.040000915527344,66.33000183105469
2023-05-29,29.850000381469727,65.83000183105469
2023-05-30,29.56999969482422,64.27999877929688
2023-05-31,29.209999084472656,63.810001373291016
2023-06-01,30.059999465942383,65.16000366210938
2023-06-02,30.420000076293945,67.94000244140625
2023-06-05,30.610000610351562,67.37999725341797
2023-06-06,31.229999542236328,67.5999984741211
2023-06-07,32.20000076293945,68.66999816894531
2023-06-09,33.75,68.36000061035156
2023-06-12,34.18000030517578,67.12000274658203
2023-06-13,32.29999923706055,67.83000183105469
2023-06-14,33.689998626708984,69.0199966430664
2023-06-15,33.189998626708984,69.55999755859375
2023-06-16,33.38999938964844,69.66999816894531
2023-06-19,34.220001220703125,69.4000015258789
2023-06-20,34.310001373291016,67.61000061035156
2023-06-21,35.68000030517578,66.93000030517578
2023-06-22,35.09000015258789,66.56999969482422
2023-06-23,33.900001525878906,65.9000015258789
2023-06-26,34.560001373291016,66.04000091552734
2023-06-27,34.2599983215332,66.83000183105469
2023-06-28,34.5099983215332,64.72000122070312
2023-06-29,34.88999938964844,65.51000213623047
2023-06-30,33.099998474121094,64.22000122070312
2023-07-03,33.66999816894531,66.2300033569336
2023-07-04,33.75,65.9000015258789
2023-07-05,33.7400016784668,65.31999969482422
2023-07-06,33.310001373291016,64.8499984741211
2023-07-07,33.130001068115234,65.45999908447266
2023-07-10,33.130001068115234,64.45999908447266
2023-07-11,32.869998931884766,66.58000183105469
2023-07-12,32.77000045776367,67.05000305175781
2023-07-13,33.25,68.61000061035156
2023-07-14,32.54999923706055,68.61000061035156
2023-07-17,32.560001373291016,67.8499984741211
2023-07-18,32.279998779296875,67.41999816894531
2023-07-19,32.459999084472656,67.23999786376953
2023-07-20,32.709999084472656,67.38999938964844
2023-07-21,33.310001373291016,67.80000305175781
2023-07-24,34.0,69.8499984741211
2023-07-25,34.61000061035156,72.01000213623047
2023-07-26,34.459999084472656,71.76000213623047
2023-07-27,32.52000045776367,70.41999816894531
2023-07-28,33.06999969482422,67.62999725341797
2023-07-31,34.810001373291016,69.16000366210938
2023-08-01,34.08000183105469,68.19999694824219
2023-08-02,33.84000015258789,67.08999633789062
2023-08-03,34.31999969482422,67.51000213623047
2023-08-04,32.880001068115234,67.55999755859375
2023-08-07,33.099998474121094,67.9000015258789
2023-08-08,33.08000183105469,67.45999908447266
2023-08-09,33.459999084472656,66.8499984741211
2023-08-10,33.45000076293945,66.05999755859375
2023-08-11,33.470001220703125,65.51000213623047
2023-08-14,33.630001068115234,61.900001525878906
2023-08-15,33.560001373291016,61.290000915527344
2023-08-16,34.54999923706055,61.04999923706055
2023-08-17,34.290000915527344,61.90999984741211
2023-08-18,34.4900016784668,61.220001220703125
2023-08-21,34.150001525878906,61.29999923706055
2023-08-22,33.5,62.58000183105469
2023-08-23,35.40999984741211,63.040000915527344
2023-08-24,35.31999969482422,62.20000076293945
2023-08-25,35.040000915527344,62.06999969482422
2023-08-28,35.400001525878906,62.959999084472656
2023-08-29,35.529998779296875,64.97000122070312
2023-08-30,35.5,64.9800033569336
2023-08-31,34.540000915527344,65.08000183105469
2023-09-01,35.689998626708984,68.88999938964844
2023-09-04,35.20000076293945,69.4000015258789
2023-09-05,36.81999969482422,69.0999984741211
2023-09-06,37.0,67.98999786376953
2023-09-08,36.709999084472656,66.70999908447266
2023-09-11,36.459999084472656,67.66999816894531
2023-09-12,36.86000061035156,67.62000274658203
2023-09-13,36.380001068115234,67.36000061035156
2023-09-14,37.45000076293945,70.12000274658203
2023-09-15,36.900001525878906,69.54000091552734
2023-09-18,37.36000061035156,68.72000122070312
2023-09-19,37.36000061035156,68.8499984741211
2023-09-20,37.40999984741211,69.30999755859375
2023-09-21,36.869998931884766,67.5
2023-09-22,37.13999938964844,68.0
2023-09-25,37.380001068115234,66.5999984741211
2023-09-26,36.349998474121094,65.55999755859375
2023-09-27,37.70000076293945,65.69999694824219
2023-09-28,37.5099983215332,66.69999694824219
2023-09-29,37.88999938964844,67.58000183105469
2023-10-02,37.16999816894531,66.98999786376953
2023-10-03,36.72999954223633,66.58000183105469
2023-10-04,35.619998931884766,65.87000274658203
2023-10-05,35.47999954223633,65.9000015258789
2023-10-06,36.369998931884766,66.86000061035156
2023-10-09,37.86000061035156,66.37999725341797
2023-10-10,38.25,66.77999877929688
2023-10-11,38.119998931884766,67.36000061035156
2023-10-13,39.31999969482422,66.58999633789062
2023-10-16,39.709999084472656,67.30000305175781
2023-10-17,40.61000061035156,67.8499984741211
2023-10-18,41.560001373291016,65.36000061035156
2023-10-19,41.2599983215332,64.41999816894531
2023-10-20,40.810001373291016,62.68000030517578
2023-10-23,38.349998474121094,62.560001373291016
2023-10-24,38.939998626708984,63.9900016784668
2023-10-25,39.04999923706055,63.93000030517578
2023-10-26,38.7599983215332,65.30000305175781
2023-10-27,38.47999954223633,67.56999969482422
2023-10-30,38.16999816894531,68.18000030517578
2023-10-31,37.84000015258789,69.0
2023-11-01,38.279998779296875,70.31999969482422
2023-11-03,38.599998474121094,71.19999694824219
2023-11-06,38.5,71.5
2023-11-07,37.650001525878906,70.08000183105469
2023-11-08,36.7599983215332,70.12999725341797
2023-11-09,37.540000915527344,70.47000122070312
2023-11-10,37.41999816894531,71.55000305175781
2023-11-13,38.2599983215332,71.4000015258789
2023-11-14,38.70000076293945,73.61000061035156
2023-11-16,37.91999816894531,74.0999984741211
